Nom,Prénom,Parti politique ou candidat indépendant,Nom-Co,Prénom-Co,Titre,Poste no
DUVAL,Jean,Indépendant,,,,"0,00"
HU,Fang,Indépendant,,,,"0,00"
KACOU,Jean-François,Futur Montréal,,,,"0,00"
LE ROUGETEL,Katy,Indépendant,,,,"0,00"
MARTINEZ FERRADA,Soraya,Ensemble Montréal - Équipe Soraya,,,,"0,00"
RABOUIN,Luc,Projet Montréal - Équipe Luc Rabouin,,,,"0,00"
SAUVÉ,Craig,Transition Montréal - Équipe Craig Sauvé,,,,"0,00"
THIBODEAU,Gilbert,Action Montréal - Équipe Gilbert Thibodeau,,,,"0,00"
LEBLANC,Stefan,Action Montréal - Équipe Gilbert Thibodeau,,,,"1,00"
THÉROUX-SÉGUIN,Maude,Ensemble Montréal - Équipe Soraya,,,,"1,00"
THUILLIER,Émilie,Projet Montréal - Équipe Luc Rabouin,,,,"1,00"
BATAILLE,Miro,Transition Montréal - Équipe Craig Sauvé,,,,"1,10"
BEAUVAIS,Carla,Projet Montréal - Équipe Luc Rabouin,,,,"1,10"
BOUCHARD,Johanne,Action Montréal - Équipe Gilbert Thibodeau,,,,"1,10"
LACOMBE,Joanne,Ensemble Montréal - Équipe Soraya,,,,"1,10"
PIERRE,Margarettha,Futur Montréal,,,,"1,10"
AHIBA,Carenne,Futur Montréal,,,,"1,20"
COSENTINO,Silvana,Action Montréal - Équipe Gilbert Thibodeau,,,,"1,20"
ESPOSITO,Victor,Ensemble Montréal - Équipe Soraya,,,,"1,20"
LEMIRE,Benoît,Transition Montréal - Équipe Craig Sauvé,,,,"1,20"
ROY,Julie,Projet Montréal - Équipe Luc Rabouin,,,,"1,20"
CHARTIER,Georges,Action Montréal - Équipe Gilbert Thibodeau,,,,"1,30"
DO,Anh Khoi,Transition Montréal - Équipe Craig Sauvé,,,,"1,30"
GOULET,Nathalie,Projet Montréal - Équipe Luc Rabouin,,,,"1,30"
LALANDE-CHURCH,Justine,Ensemble Montréal - Équipe Soraya,,,,"1,30"
NAKOUZI,Basile,Futur Montréal,,,,"1,30"
DOUILLARD,Alex,Action Montréal - Équipe Gilbert Thibodeau,,,,"1,40"
GIANNOU,Effie,Ensemble Montréal - Équipe Soraya,,,,"1,40"
GIRGIS,Raouf,Futur Montréal,,,,"1,40"
IGOROV,Metodi,Indépendant,,,,"1,40"
KABONGO,Anne-Marie,Projet Montréal - Équipe Luc Rabouin,,,,"1,40"
SHAKOUR,Marc,Transition Montréal - Équipe Craig Sauvé,,,,"1,40"
BEIS,Dimitrios (Jim),Ensemble Montréal - Équipe Soraya,,,,"10,00"
DANIEL,Rébecca Michaëlle,Projet Montréal - Équipe Luc Rabouin,,,,"10,00"
DIALLO,Madjou,Projet Montréal - Équipe Luc Rabouin,,,,"10,10"
LANGEVIN,Benoit,Ensemble Montréal - Équipe Soraya,,,,"10,10"
WILLIAMS,Zachary,Transition Montréal - Équipe Craig Sauvé,,,,"10,10"
CODÈRE,Joseph-Henri,Projet Montréal - Équipe Luc Rabouin,,,,"10,11"
LEROUX,Louise,Ensemble Montréal - Équipe Soraya,,,,"10,11"
MAGNUSSON,Mats,Transition Montréal - Équipe Craig Sauvé,,,,"10,11"
GREEN,Aaron,Transition Montréal - Équipe Craig Sauvé,,,,"10,20"
MOHSEN,Sophie,Ensemble Montréal - Équipe Soraya,,,,"10,20"
TOURÉ,Fadima,Projet Montréal - Équipe Luc Rabouin,,,,"10,20"
CODÈRE,Louis-Philippe,Projet Montréal - Équipe Luc Rabouin,,,,"10,21"
MCDONALD,Amy,Transition Montréal - Équipe Craig Sauvé,,,,"10,21"
TARAKJIAN,Chahi (Sharkie),Ensemble Montréal - Équipe Soraya,,,,"10,21"
BEAUDOIN,Jean,Ensemble Montréal - Équipe Soraya,,,,"11,00"
BOLDUC,Maggie,Transition Montréal - Équipe Craig Sauvé,,,,"11,00"
WONG,Cathy,Projet Montréal - Équipe Luc Rabouin,,,,"11,00"
PLOURDE,Marie,Projet Montréal - Équipe Luc Rabouin,,,,"11,10"
STRAPATSAS,Lemonia,Ensemble Montréal - Équipe Soraya,,,,"11,10"
VALENTE,Sonia,Action Montréal - Équipe Gilbert Thibodeau,,,,"11,10"
VAZQUEZ,Daniel,Transition Montréal - Équipe Craig Sauvé,,,,"11,10"
CORBEIL,Sébastien,Ensemble Montréal - Équipe Soraya,,,,"11,11"
M'BENGUE,Sarah,Futur Montréal,,,,"11,11"
PERRONE,Nathe,Transition Montréal - Équipe Craig Sauvé,,,,"11,11"
STERLIN,Marie,Projet Montréal - Équipe Luc Rabouin,,,,"11,11"
BERNIER,Jean-François,Transition Montréal - Équipe Craig Sauvé,,,,"11,20"
DAIGLE,Jocelyn Simon,Indépendant,,,,"11,20"
LACHAPELLE,Andréa,Action Montréal - Équipe Gilbert Thibodeau,,,,"11,20"
RABOUIN,Luc,Projet Montréal - Équipe Luc Rabouin,VILAIN,Maeva,Colistière,"11,20"
ROBERTON,Alexander,Ensemble Montréal - Équipe Soraya,,,,"11,20"
ANTONIN,Pascal,Action Montréal - Équipe Gilbert Thibodeau,,,,"11,21"
GAO,Charles,Transition Montréal - Équipe Craig Sauvé,,,,"11,21"
LAURIER,Isabelle,Ensemble Montréal - Équipe Soraya,,,,"11,21"
M'BENGUE,Isabelle,Futur Montréal,,,,"11,21"
PARENT,Laurence,Projet Montréal - Équipe Luc Rabouin,,,,"11,21"
BARNEA,Shirley,Transition Montréal - Équipe Craig Sauvé,,,,"11,30"
FRADETTE,Robert,Indépendant,,,,"11,30"
NORRIS,Alex,Projet Montréal - Équipe Luc Rabouin,,,,"11,30"
SANTOS,Lucilia,Ensemble Montréal - Équipe Soraya,,,,"11,30"
BARRY,Nicole,Futur Montréal,,,,"11,31"
FORTIN,Gabriel,Projet Montréal - Équipe Luc Rabouin,,,,"11,31"
HOULE,Gabriel,Action Montréal - Équipe Gilbert Thibodeau,,,,"11,31"
JOANNETTE,Sébastien,Ensemble Montréal - Équipe Soraya,,,,"11,31"
STEPHEN-ONG,Vincent,Transition Montréal - Équipe Craig Sauvé,,,,"11,31"
ANGIULI,Dora,Action Montréal - Équipe Gilbert Thibodeau,,,,"12,00"
BOURGEOIS,Caroline,Projet Montréal - Équipe Luc Rabouin,,,,"12,00"
CHIRHALWIRWA,Jaël Régine,Futur Montréal,,,,"12,00"
PELLETIER,Denis,Ensemble Montréal - Équipe Soraya,,,,"12,00"
CHRISTENSEN,Lisa,Projet Montréal - Équipe Luc Rabouin,,,,"12,10"
GALATI,Rachel,Action Montréal - Équipe Gilbert Thibodeau,,,,"12,10"
LUBIN,Fleurence,Futur Montréal,,,,"12,10"
VARELA,Diana,Ensemble Montréal - Équipe Soraya,,,,"12,10"
CHANDONNET,Louis,Action Montréal - Équipe Gilbert Thibodeau,,,,"12,11"
COLIN,Daphney,Projet Montréal - Équipe Luc Rabouin,,,,"12,11"
GUARRAGGI,Gerlando,Ensemble Montréal - Équipe Soraya,,,,"12,11"
LABRECQUE,Michel,Futur Montréal,,,,"12,11"
AGOH,Jean-François,Futur Montréal,,,,"12,20"
JOURNEAU,Virginie,Projet Montréal - Équipe Luc Rabouin,,,,"12,20"
MATHIEU,Mildred,Action Montréal - Équipe Gilbert Thibodeau,,,,"12,20"
ROUSSEAU-BÉLANGER,Gabrielle,Ensemble Montréal - Équipe Soraya,,,,"12,20"
BARIL,Marie-Claude,Projet Montréal - Équipe Luc Rabouin,,,,"12,21"
DUPUIS,Laurie,Ensemble Montréal - Équipe Soraya,,,,"12,21"
HALLOULI,Ahmed,Indépendant,,,,"12,21"
SÉGUIN,Marie-Claude,Action Montréal - Équipe Gilbert Thibodeau,,,,"12,21"
YAO,Konan Kan Dally,Futur Montréal,,,,"12,21"
PAGLIA,Joseph,Projet Montréal - Équipe Luc Rabouin,,,,"12,30"
PITOSCIA,Antonio,Action Montréal - Équipe Gilbert Thibodeau,,,,"12,30"
RAPANÀ,Giovanni,Ensemble Montréal - Équipe Soraya,,,,"12,30"
ST. JAMES,Jordan,Transition Montréal - Équipe Craig Sauvé,,,,"12,30"
VOLTAIRE,Steve,Futur Montréal,,,,"12,30"
KOUDJOU,Flore,Futur Montréal,,,,"12,31"
PIERRE-ANTOINE,Nathalie,Ensemble Montréal - Équipe Soraya,,,,"12,31"
PIERRE,Johnley,Projet Montréal - Équipe Luc Rabouin,,,,"12,31"
SCANZANO,Nadia,Action Montréal - Équipe Gilbert Thibodeau,,,,"12,31"
CORBIN,Luc,Transition Montréal - Équipe Craig Sauvé,,,,"13,00"
COSTA,Joao,Action Montréal - Équipe Gilbert Thibodeau,,,,"13,00"
LIMOGES,François,Projet Montréal - Équipe Luc Rabouin,,,,"13,00"
O'CONNOR,Sandra,Ensemble Montréal - Équipe Soraya,,,,"13,00"
AÏSSI,Yaya Marie-Thérèse,Futur Montréal,,,,"13,10"
BLANCO,Josefina,Projet Montréal - Équipe Luc Rabouin,,,,"13,10"
DUBOIS,Simon,Transition Montréal - Équipe Craig Sauvé,,,,"13,10"
RECINE,Luciano,Ensemble Montréal - Équipe Soraya,,,,"13,10"
ALNEUS,Ericka,Projet Montréal - Équipe Luc Rabouin,,,,"13,20"
BEAUCHAMP,Manouane,Transition Montréal - Équipe Craig Sauvé,,,,"13,20"
CHARLES,Sabine,Futur Montréal,,,,"13,20"
DELOUME,Rémy,Ensemble Montréal - Équipe Soraya,,,,"13,20"
GAUTHIER,Brigitte,Action Montréal - Équipe Gilbert Thibodeau,,,,"13,20"
AGOH,N'Dri Anker,Futur Montréal,,,,"13,30"
CORRIVEAU,Pascale,Transition Montréal - Équipe Craig Sauvé,,,,"13,30"
DEMERS-DUBÉ,Olivier,Projet Montréal - Équipe Luc Rabouin,,,,"13,30"
PINTAL,Lorraine,Ensemble Montréal - Équipe Soraya,,,,"13,30"
NIANGORAN,Raïssa Marlène,Futur Montréal,,,,"13,40"
PAUZÉ,Jocelyn,Projet Montréal - Équipe Luc Rabouin,,,,"13,40"
PELLETIER,Étienne,Transition Montréal - Équipe Craig Sauvé,,,,"13,40"
SONGA,Ntwari,Ensemble Montréal - Équipe Soraya,,,,"13,40"
TAKCHI,Marwan,Action Montréal - Équipe Gilbert Thibodeau,,,,"13,40"
DESOUSA,Alan,Ensemble Montréal - Équipe Soraya,,,,"14,00"
LABRÈCHE,Olivier,Transition Montréal - Équipe Craig Sauvé,,,,"14,00"
SHOUFAN,Youssef,Projet Montréal - Équipe Luc Rabouin,,,,"14,00"
JAMES,Livia,Transition Montréal - Équipe Craig Sauvé,,,,"14,10"
NADEAU-DÉCARIE,Matisse,Projet Montréal - Équipe Luc Rabouin,,,,"14,10"
NAZARIAN,Vana,Ensemble Montréal - Équipe Soraya,,,,"14,10"
COHEN,Jacques,Ensemble Montréal - Équipe Soraya,,,,"14,11"
FORTIN-MONASTESSE,Jules,Transition Montréal - Équipe Craig Sauvé,,,,"14,11"
JEEVARATNAM,Ty,Projet Montréal - Équipe Luc Rabouin,,,,"14,11"
DUBOIS,Pascal,Transition Montréal - Équipe Craig Sauvé,,,,"14,20"
SALEM,Aref,Ensemble Montréal - Équipe Soraya,,,,"14,20"
TCHOUGA,Robertine,Projet Montréal - Équipe Luc Rabouin,,,,"14,20"
ACKAD,Alain,Transition Montréal - Équipe Craig Sauvé,,,,"14,21"
GAGNIER,Annie,Ensemble Montréal - Équipe Soraya,,,,"14,21"
MAMAD,Nilufar,Projet Montréal - Équipe Luc Rabouin,,,,"14,21"
BORSELLINO,Pasqualino,Indépendant,,,,"15,00"
DE LAROCHELLIÈRE,Suzanne,Équipe St-Léonard,,,,"15,00"
GUERRIER,Luckny,Projet Montréal - Équipe Luc Rabouin,,,,"15,00"
PERRI,Dominic,Ensemble Montréal - Équipe Soraya,,,,"15,00"
TESSIER,Philippe,Indépendant,,,,"15,00"
AZZOUZ,Abdellah,Projet Montréal - Équipe Luc Rabouin,,,,"15,10"
CORSILLO,Alexia,Transition Montréal - Équipe Craig Sauvé,,,,"15,10"
EL KORBI,Arij,Ensemble Montréal - Équipe Soraya,,,,"15,10"
VALLÉE,Nathalie,Équipe St-Léonard,,,,"15,10"
BAHRI,Amina,Équipe St-Léonard,,,,"15,11"
DE FABRITUS,Loïc,Projet Montréal - Équipe Luc Rabouin,,,,"15,11"
PAQUIN,Linda,Ensemble Montréal - Équipe Soraya,,,,"15,11"
BARONE,Mauro,Équipe St-Léonard,,,,"15,20"
CAMILLE,Rose,Projet Montréal - Équipe Luc Rabouin,,,,"15,20"
MCALOON,Amy,Transition Montréal - Équipe Craig Sauvé,,,,"15,20"
RETTA,Gabriel,Ensemble Montréal - Équipe Soraya,,,,"15,20"
HENRI,Edline,Projet Montréal - Équipe Luc Rabouin,,,,"15,21"
LAVALLE,Francesco,Équipe St-Léonard,,,,"15,21"
MARCHIONE,Gemma,Ensemble Montréal - Équipe Soraya,,,,"15,21"
DARAIZE,Thierry,Ensemble Montréal - Équipe Soraya,,,,"16,00"
FOURNIER,Véronique,Projet Montréal - Équipe Luc Rabouin,,,,"16,00"
KARABAJAK,Shant,Transition Montréal - Équipe Craig Sauvé,,,,"16,00"
KERR,Matthew,Futur Montréal,,,,"16,00"
SEMSARI,Mehdi,Action Montréal - Équipe Gilbert Thibodeau,,,,"16,00"
CLARKE,Keeton,Futur Montréal,,,,"16,10"
HOUBART,Catherine,Projet Montréal - Équipe Luc Rabouin,,,,"16,10"
SEIVEWRIGHT,Thom,Transition Montréal - Équipe Craig Sauvé,,,,"16,10"
THOMPSON,Shane,Ensemble Montréal - Équipe Soraya,,,,"16,10"
BURNHAM,Jonathan,Projet Montréal - Équipe Luc Rabouin,,,,"16,11"
DERY,Jason,Futur Montréal,,,,"16,11"
NAIM,Tina,Transition Montréal - Équipe Craig Sauvé,,,,"16,11"
PACE,Enrico,Ensemble Montréal - Équipe Soraya,,,,"16,11"
GIGUÈRE,Mario,Action Montréal - Équipe Gilbert Thibodeau,,,,"16,20"
LOKROU,Estelle,Ensemble Montréal - Équipe Soraya,,,,"16,20"
PEÑA,Mauricio,Futur Montréal,,,,"16,20"
SAUVÉ,Craig,Transition Montréal - Équipe Craig Sauvé,KHANDKER,Samah,Colistière,"16,20"
TANGUAY,Élise,Projet Montréal - Équipe Luc Rabouin,,,,"16,20"
DJOMBO,Princilia,Ensemble Montréal - Équipe Soraya,,,,"16,21"
HALL,Christopher,Transition Montréal - Équipe Craig Sauvé,,,,"16,21"
JOLICOEUR,Nicolas,Projet Montréal - Équipe Luc Rabouin,,,,"16,21"
MEHOU HOUNSOU,Rodrigue,Futur Montréal,,,,"16,21"
BEAUREGARD,Céline-Audrey,Projet Montréal - Équipe Luc Rabouin,,,,"17,00"
DESAUTELS,Geneviève,Ensemble Montréal - Équipe Soraya,,,,"17,00"
STEEL,Christopher,Transition Montréal - Équipe Craig Sauvé,,,,"17,00"
CHAINANI,Parvesh,Futur Montréal,,,,"17,10"
MOREAU,Andréanne,Ensemble Montréal - Équipe Soraya,,,,"17,10"
TREMBLAY,Véronique,Projet Montréal - Équipe Luc Rabouin,,,,"17,10"
TRUDEAU,Christopher,Transition Montréal - Équipe Craig Sauvé,,,,"17,10"
VALLÉE,Lise,Action Montréal - Équipe Gilbert Thibodeau,,,,"17,10"
JULIEN,André,Ensemble Montréal - Équipe Soraya,,,,"17,11"
LOISELLE,André,Indépendant,,,,"17,11"
SERRA,Jean-Pierre (JP),Projet Montréal - Équipe Luc Rabouin,,,,"17,11"
ST-ONGE,Julie,Transition Montréal - Équipe Craig Sauvé,,,,"17,11"
LITTLEFIELD,Logan,Projet Montréal - Équipe Luc Rabouin,,,,"17,12"
TREMBLAY,Michèle,Ensemble Montréal - Équipe Soraya,,,,"17,12"
WILLIAMS,Victor,Transition Montréal - Équipe Craig Sauvé,,,,"17,12"
BOSSÉ,Jean-Nicolas,Transition Montréal - Équipe Craig Sauvé,,,,"17,20"
DOWNEY,Sterling,Projet Montréal - Équipe Luc Rabouin,,,,"17,20"
GUAY,Jean-François,Ensemble Montréal - Équipe Soraya,,,,"17,20"
PLOUFFE,Alain,Action Montréal - Équipe Gilbert Thibodeau,,,,"17,20"
BÉLANGER-RIOUX,Rosalie,Indépendant,,,,"17,21"
CAVEZZALI,Nathalie,Ensemble Montréal - Équipe Soraya,,,,"17,21"
LAMASANU,Stefana,Projet Montréal - Équipe Luc Rabouin,,,,"17,21"
WHELTON,Laura,Transition Montréal - Équipe Craig Sauvé,,,,"17,21"
DUSSAULT,André,Ensemble Montréal - Équipe Soraya,,,,"17,22"
GRATTON,Benoit,Projet Montréal - Équipe Luc Rabouin,,,,"17,22"
PELLETIER,François,Transition Montréal - Équipe Craig Sauvé,,,,"17,22"
BOUCHARD,Maryse,Projet Montréal - Équipe Luc Rabouin,,,,"18,10"
,Danso,Transition Montréal - Équipe Craig Sauvé,,,,"18,10"
LA ROSA,Cosimo,Futur Montréal,,,,"18,10"
ROBERTS,Leslie,Ensemble Montréal - Équipe Soraya,,,,"18,10"
BEAUDRY,Robert,Projet Montréal - Équipe Luc Rabouin,,,,"18,20"
DA SILVA,Sergio,Transition Montréal - Équipe Craig Sauvé,,,,"18,20"
GUIDO,Pierre,Action Montréal - Équipe Gilbert Thibodeau,,,,"18,20"
KHOUZAM,Jean-Pierre,Futur Montréal,,,,"18,20"
PINARD,Claude,Ensemble Montréal - Équipe Soraya,,,,"18,20"
DHIR,Anurag,Transition Montréal - Équipe Craig Sauvé,,,,"18,30"
JODY,Clint,Action Montréal - Équipe Gilbert Thibodeau,,,,"18,30"
KACOU,Jean-François,Futur Montréal,JEAN,Kathlen,Colistière,"18,30"
MCCRAY,Christopher,Projet Montréal - Équipe Luc Rabouin,,,,"18,30"
VAUDRIN,Daniel,Ensemble Montréal - Équipe Soraya,,,,"18,30"
ALLEN,Eric Jr,Action Montréal - Équipe Gilbert Thibodeau,,,,"19,00"
GARIÉPY,Sylvain,Ensemble Montréal - Équipe Soraya,,,,"19,00"
LALONDE,Jean François,Projet Montréal - Équipe Luc Rabouin,,,,"19,00"
RENORD,Nounthia,Futur Montréal,,,,"19,00"
CORVIL,Josué,Ensemble Montréal - Équipe Soraya,,,,"19,10"
GUILLEMETTE,René-André,Action Montréal - Équipe Gilbert Thibodeau,,,,"19,10"
JACQUELIN,John Deave,Futur Montréal,,,,"19,10"
LOUISSAINT,Jason,Transition Montréal - Équipe Craig Sauvé,,,,"19,10"
MAAZAMI,Mohamed,Projet Montréal - Équipe Luc Rabouin,,,,"19,10"
LEVASSEUR,Hugo,Action Montréal - Équipe Gilbert Thibodeau,,,,"19,20"
MEHENNEK,Naïma,Transition Montréal - Équipe Craig Sauvé,,,,"19,20"
OUELLET,Sylvain,Projet Montréal - Équipe Luc Rabouin,,,,"19,20"
RIZQY,Omaïma,Ensemble Montréal - Équipe Soraya,,,,"19,20"
VALLS-PIETRACUPA,Julian,Futur Montréal,,,,"19,20"
COSTA,Emanuel,Action Montréal - Équipe Gilbert Thibodeau,,,,"19,30"
CÔTÉ,Antoine,Transition Montréal - Équipe Craig Sauvé,,,,"19,30"
MUSAU MUELE,Martine,Projet Montréal - Équipe Luc Rabouin,,,,"19,30"
NADEAU,Ariane,Ensemble Montréal - Équipe Soraya,,,,"19,30"
REYES,José,Futur Montréal,,,,"19,30"
BEN KIRANE,Mostafa,Indépendant,,,,"19,40"
CARHUALLANQUI,Elvira,Projet Montréal - Équipe Luc Rabouin,,,,"19,40"
COSTA,Sandrina,Action Montréal - Équipe Gilbert Thibodeau,,,,"19,40"
DEROS,Mary,Ensemble Montréal - Équipe Soraya,,,,"19,40"
KHAN,Abdul Raziq,Transition Montréal - Équipe Craig Sauvé,,,,"19,40"
YOUSUF,Mohammad,Futur Montréal,,,,"19,40"
ALMEIDA ACUNA,Ernesto,Action Montréal - Équipe Gilbert Thibodeau,,,,"2,00"
DE LAURIÈRE,David,Transition Montréal - Équipe Craig Sauvé,,,,"2,00"
MEGELAS,Alex,Projet Montréal - Équipe Luc Rabouin,,,,"2,00"
MIRANDA,Luis,Équipe Anjou,,,,"2,00"
BLANCO CHAMBRO,Gelen,Action Montréal - Équipe Gilbert Thibodeau,,,,"2,01"
HÉNAULT,Andrée,Équipe Anjou,,,,"2,01"
SABIN,Jean Louis,Projet Montréal - Équipe Luc Rabouin,,,,"2,01"
CLOUTIER,Mélissa,Projet Montréal - Équipe Luc Rabouin,,,,"2,10"
DUBÉ,Marie Josée,Équipe Anjou,,,,"2,10"
ETHIER,Beatrice,Action Montréal - Équipe Gilbert Thibodeau,,,,"2,10"
GASPARD,Janny,Projet Montréal - Équipe Luc Rabouin,,,,"2,20"
HERNANDEZ VIERA-MONTES DE OCA,Claudia,Action Montréal - Équipe Gilbert Thibodeau,,,,"2,20"
LEBLANC,Richard,Équipe Anjou,,,,"2,20"
NOLIN,Camille,Transition Montréal - Équipe Craig Sauvé,,,,"2,20"
GOUIN,Philippe,Action Montréal - Équipe Gilbert Thibodeau,,,,"2,30"
MARSOLAIS,Kristine,Équipe Anjou,,,,"2,30"
OUENDI,Smail,Projet Montréal - Équipe Luc Rabouin,,,,"2,30"
KATAHWA,Gracia Kasoki,Projet Montréal - Équipe Luc Rabouin,,,,"3,00"
MCDONALD,Guy,Action Montréal - Équipe Gilbert Thibodeau,,,,"3,00"
MOUSA,Gulnar,Futur Montréal,,,,"3,00"
ORSOVY,Marek,Transition Montréal - Équipe Craig Sauvé,,,,"3,00"
VALENZUELA,Stéphanie,Ensemble Montréal - Équipe Soraya,,,,"3,00"
CHÉNIER-JONES,Nora,Projet Montréal - Équipe Luc Rabouin,,,,"3,10"
DESMAREST,Marie-Christine,Action Montréal - Équipe Gilbert Thibodeau,,,,"3,10"
DIAZ,Miguel-Angel,Transition Montréal - Équipe Craig Sauvé,,,,"3,10"
OPENDO,Glenn,Futur Montréal,,,,"3,10"
THIAGARAJAH,Milany,Ensemble Montréal - Équipe Soraya,,,,"3,10"
BRIÈRE,Emilie,Projet Montréal - Équipe Luc Rabouin,,,,"3,20"
HOYTE,Carol-Ann,Transition Montréal - Équipe Craig Sauvé,,,,"3,20"
JEGATHEESWARAN,Kamala,Indépendant,,,,"3,20"
NGUYEN,Yvonne,Ensemble Montréal - Équipe Soraya,,,,"3,20"
NOVICK,Stefani,Futur Montréal,,,,"3,20"
PIERRE,Mara Hermione,Action Montréal - Équipe Gilbert Thibodeau,,,,"3,20"
BADRA,Clément,Projet Montréal - Équipe Luc Rabouin,,,,"3,30"
BUGEL,Jérôme,Transition Montréal - Équipe Craig Sauvé,,,,"3,30"
D'ALESIO,Julian,Futur Montréal,,,,"3,30"
MOROZ,Sonny,Ensemble Montréal - Équipe Soraya,,,,"3,30"
D'ALESIO,Anthony JR.,Futur Montréal,,,,"3,40"
FILION,Jean-François,Transition Montréal - Équipe Craig Sauvé,,,,"3,40"
MCQUEEN,Peter,Projet Montréal - Équipe Luc Rabouin,,,,"3,40"
SHATILLA,Peter,Ensemble Montréal - Équipe Soraya,,,,"3,40"
BETTS,Renate,Transition Montréal - Équipe Craig Sauvé,,,,"3,50"
CHERNIENKO,Svetlana,Futur Montréal,,,,"3,50"
MONTAGANO,Alex Trainman,Indépendant,,,,"3,50"
MUKHERJEE,Neal Roy,Action Montréal - Équipe Gilbert Thibodeau,,,,"3,50"
SOURIAS,Despina,Projet Montréal - Équipe Luc Rabouin,,,,"3,50"
TEODORESCO,Alexandre,Ensemble Montréal - Équipe Soraya,,,,"3,50"
PROVOST,Julie-Pascale,Ensemble Montréal - Équipe Soraya,,,,"4,00"
TREMBLAY,Gary,Action Montréal - Équipe Gilbert Thibodeau,,,,"4,00"
VODANOVIC,Maja,Projet Montréal - Équipe Luc Rabouin,,,,"4,00"
GRONDIN,Myriam,Projet Montréal - Équipe Luc Rabouin,,,,"4,01"
ROULEAU,Christian,Transition Montréal - Équipe Craig Sauvé,,,,"4,01"
ROUSSEL,Dominic,Ensemble Montréal - Équipe Soraya,,,,"4,01"
BERTHELOT,Nancy,Ensemble Montréal - Équipe Soraya,,,,"4,10"
KAUSEL,Justin,Futur Montréal,,,,"4,10"
LAVIGNE,André,Indépendant,,,,"4,10"
POLITO,Chad,Projet Montréal - Équipe Luc Rabouin,,,,"4,10"
WADSWORTH,Mike,Transition Montréal - Équipe Craig Sauvé,,,,"4,10"
CARDONA-FORTIN,Alexandrah,Transition Montréal - Équipe Craig Sauvé,,,,"4,20"
CHARLES,Sidney,Action Montréal - Équipe Gilbert Thibodeau,,,,"4,20"
FERMELY,Ludovic,Ensemble Montréal - Équipe Soraya,,,,"4,20"
HERNANDEZ ROMERO,Pilar,Projet Montréal - Équipe Luc Rabouin,,,,"4,20"
OPOKU-WARE,Michael Nana,Futur Montréal,,,,"4,20"
FILION,Jacques,Projet Montréal - Équipe Luc Rabouin,,,,"4,30"
LEDUC,Geneviève,Ensemble Montréal - Équipe Soraya,,,,"4,30"
LIAMINI,Mokhtar,Transition Montréal - Équipe Craig Sauvé,,,,"4,30"
SAMPSON,Chantal,Futur Montréal,,,,"4,30"
BLANCHET,Nancy,Équipe LaSalle Team,,,,"5,00"
FOZIN,Jean-Louis,Projet Montréal - Équipe Luc Rabouin,,,,"5,00"
MACDONALD,Matthew,Transition Montréal - Équipe Craig Sauvé,,,,"5,00"
MORENO,Francisco,Action Montréal - Équipe Gilbert Thibodeau,,,,"5,00"
AZZOUNI,Yosef,Transition Montréal - Équipe Craig Sauvé,,,,"5,10"
BEAUDELET,Arnaud,Projet Montréal - Équipe Luc Rabouin,,,,"5,10"
DESCHAMPS,Richard,Équipe LaSalle Team,,,,"5,10"
JIMENEZ,Patricia,Action Montréal - Équipe Gilbert Thibodeau,,,,"5,10"
KRAVCHUK,Ihor,Action Montréal - Équipe Gilbert Thibodeau,,,,"5,11"
LEMAY,Renée,Projet Montréal - Équipe Luc Rabouin,,,,"5,11"
ROMANO,Daniela,Équipe LaSalle Team,,,,"5,11"
RUIZ,Anaïs,Transition Montréal - Équipe Craig Sauvé,,,,"5,11"
AUGER,Benoit,Équipe LaSalle Team,,,,"5,12"
MORENO-MOLINA,Francisco,Action Montréal - Équipe Gilbert Thibodeau,,,,"5,12"
NAIMI,Soheir,Projet Montréal - Équipe Luc Rabouin,,,,"5,12"
SKLAR,Allison,Transition Montréal - Équipe Craig Sauvé,,,,"5,12"
DJABIA GOMIS,Raymonde,Projet Montréal - Équipe Luc Rabouin,,,,"5,20"
NEWMAN,James,Transition Montréal - Équipe Craig Sauvé,,,,"5,20"
PALESTINI,Laura,Équipe LaSalle Team,,,,"5,20"
TREMBLAY,Eric,Action Montréal - Équipe Gilbert Thibodeau,,,,"5,20"
ANSARI,Bisma,Équipe LaSalle Team,,,,"5,21"
DENNIS,Debra,Transition Montréal - Équipe Craig Sauvé,,,,"5,21"
DIALLO,Kadiatou,Projet Montréal - Équipe Luc Rabouin,,,,"5,21"
PHARAND,Josée,Action Montréal - Équipe Gilbert Thibodeau,,,,"5,21"
CORRAL,Stéphanie,Action Montréal - Équipe Gilbert Thibodeau,,,,"5,22"
ÉBONGUÉ,James,Projet Montréal - Équipe Luc Rabouin,,,,"5,22"
TROILO,Josée,Équipe LaSalle Team,,,,"5,22"
WEBER,Oren,Transition Montréal - Équipe Craig Sauvé,,,,"5,22"
HURLEY,Doug,Ensemble Montréal - Équipe Soraya,,,,"6,00"
MYRAND,Danielle,Projet Montréal - Équipe Luc Rabouin,,,,"6,00"
FORGUES,Julie,Ensemble Montréal - Équipe Soraya,,,,"6,10"
RITCHOT,Stéphane,Projet Montréal - Équipe Luc Rabouin,,,,"6,10"
MCINTYRE,Patricia,Ensemble Montréal - Équipe Soraya,,,,"6,20"
WILSON,Alain,Projet Montréal - Équipe Luc Rabouin,,,,"6,20"
BÉLANGER,Richard,Ensemble Montréal - Équipe Soraya,,,,"6,30"
CÔTÉ,Guillaume,Projet Montréal - Équipe Luc Rabouin,,,,"6,30"
JEAN LEONARD,Sandra,Futur Montréal,,,,"6,30"
ARSLANIAN,Caroline,Projet Montréal - Équipe Luc Rabouin,,,,"6,40"
KARP,Avi,Transition Montréal - Équipe Craig Sauvé,,,,"6,40"
LITTLE,Christopher,Ensemble Montréal - Équipe Soraya,,,,"6,40"
VOISARD,Philippe,Indépendant,,,,"6,40"
DAKOUO,Jean Pierre,Action Montréal - Équipe Gilbert Thibodeau,,,,"7,00"
GAGNON,Chantal,Ensemble Montréal - Équipe Soraya,,,,"7,00"
HASSAN-COURNOL,Alia,Projet Montréal - Équipe Luc Rabouin,,,,"7,00"
HOUDE,Anaïs,Transition Montréal - Équipe Craig Sauvé,,,,"7,00"
COHEN,Aaron,Transition Montréal - Équipe Craig Sauvé,,,,"7,10"
EL-CHEIKH,Rima,Action Montréal - Équipe Gilbert Thibodeau,,,,"7,10"
FERNANDEZ MOLINA,Giselle,Futur Montréal,,,,"7,10"
HÉNAULT-RATELLE,Julien,Ensemble Montréal - Équipe Soraya,,,,"7,10"
MIRON,Suzie,Projet Montréal - Équipe Luc Rabouin,,,,"7,10"
LECLERC,Jérôme,Projet Montréal - Équipe Luc Rabouin,,,,"7,20"
MARTINEZ FERRADA,Soraya,Ensemble Montréal - Équipe Soraya,DEVAUX-GUIZANI,Alexandre,Colistier,"7,20"
MÉNARD,Luc,Futur Montréal,,,,"7,20"
MIRCHOVSKA,Ljupka,Transition Montréal - Équipe Craig Sauvé,,,,"7,20"
SAMUEL,Sherman,Indépendant,,,,"7,20"
ST-HILAIRE,Daniel,Action Montréal - Équipe Gilbert Thibodeau,,,,"7,20"
BAMBA,Nzelo,Futur Montréal,,,,"7,30"
CHAMPAGNE,David,Transition Montréal - Équipe Craig Sauvé,,,,"7,30"
SÉVIGNY,Robert,Action Montréal - Équipe Gilbert Thibodeau,,,,"7,30"
V. DOYON,Sarah,Projet Montréal - Équipe Luc Rabouin,,,,"7,30"
HARNEZ,Malo,Transition Montréal - Équipe Craig Sauvé,,,,"7,40"
JACQUES-MIGNAULT,Paul,Projet Montréal - Équipe Luc Rabouin,,,,"7,40"
THIBODEAU,Gilbert,Action Montréal - Équipe Gilbert Thibodeau,NAULT,Alain,Colistier,"7,40"
ZAMOR ALEXANDRE,Ismela,Futur Montréal,,,,"7,40"
ZUNIGA RAMOS,Alba Stella,Ensemble Montréal - Équipe Soraya,,,,"7,40"
AKPINAR,Salih,Indépendant,,,,"8,00"
BLACK,Christine,Ensemble Montréal - Équipe Soraya,,,,"8,00"
MARCELIN,Anastasia,Action Montréal - Équipe Gilbert Thibodeau,,,,"8,00"
PETIT-FRÈRE,Roger,Projet Montréal - Équipe Luc Rabouin,,,,"8,00"
GAUVIN,Catherine,Transition Montréal - Équipe Craig Sauvé,,,,"8,10"
HARIRI,Youssef,Ensemble Montréal - Équipe Soraya,,,,"8,10"
NGOIE,Joseph Wa Ngoie,Indépendant,,,,"8,10"
SALAZAR GOMEZ,Fatima Gabriela,Projet Montréal - Équipe Luc Rabouin,,,,"8,10"
VILMA,Djudy,Futur Montréal,,,,"8,10"
ZEBARDI,Sidali,Action Montréal - Équipe Gilbert Thibodeau,,,,"8,10"
DIFALLAH,Amine,Projet Montréal - Équipe Luc Rabouin,,,,"8,11"
ESPINAL HERNANDEZ,Brenda,Futur Montréal,,,,"8,11"
FRANKLIN,Roland,Transition Montréal - Équipe Craig Sauvé,,,,"8,11"
NUMA,Jennefer Rose Johana,Action Montréal - Équipe Gilbert Thibodeau,,,,"8,11"
POIRIER,Jean-Marc,Ensemble Montréal - Équipe Soraya,,,,"8,11"
BEAUDRY,Annie-Claude,Projet Montréal - Équipe Luc Rabouin,,,,"8,20"
LODIN,Shukria,Futur Montréal,,,,"8,20"
ROSSI,Chantal,Ensemble Montréal - Équipe Soraya,,,,"8,20"
VIXAMA,Samantha,Action Montréal - Équipe Gilbert Thibodeau,,,,"8,20"
CHARBONNEAU,Simon,Transition Montréal - Équipe Craig Sauvé,,,,"8,21"
LEBLANC,Anika,Futur Montréal,,,,"8,21"
MANCINI,Rocky Junior,Action Montréal - Équipe Gilbert Thibodeau,,,,"8,21"
MPINGA-IYENDA,Patrick,Projet Montréal - Équipe Luc Rabouin,,,,"8,21"
THERMIDOR,Philippe,Ensemble Montréal - Équipe Soraya,,,,"8,21"
BAKAYOKO,Alain,Projet Montréal - Équipe Luc Rabouin,,,,"9,00"
BRAUN,Caroline,Ensemble Montréal - Équipe Soraya,,,,"9,00"
JODY,Jennifer,Action Montréal - Équipe Gilbert Thibodeau,,,,"9,00"
HALOULOS,Georgia,Indépendant,,,,"9,10"
JACOBSEN,Jax,Projet Montréal - Équipe Luc Rabouin,,,,"9,10"
KING,Geoffrey,Ensemble Montréal - Équipe Soraya,,,,"9,10"
MAGNAN,Rosie,Transition Montréal - Équipe Craig Sauvé,,,,"9,10"
FORGET,Céline,Parti Outremont,,,,"9,20"
LALIME,Marika,Transition Montréal - Équipe Craig Sauvé,,,,"9,20"
PLANTE,Mercedez,Ensemble Montréal - Équipe Soraya,,,,"9,20"
TURP-YONEZAWA,Melissa,Projet Montréal - Équipe Luc Rabouin,,,,"9,20"
CLICHE,Amélie,Ensemble Montréal - Équipe Soraya,,,,"9,30"
GAUTHIER,Felix,Transition Montréal - Équipe Craig Sauvé,,,,"9,30"
MOREL,Laurence,Projet Montréal - Équipe Luc Rabouin,,,,"9,30"
BLOND,Eric,Indépendant,,,,"9,40"
CHOKO,Maude,Ensemble Montréal - Équipe Soraya,,,,"9,40"
GILL,Donal Sean,Transition Montréal - Équipe Craig Sauvé,,,,"9,40"
ROUDAUT,Anne,Projet Montréal - Équipe Luc Rabouin,,,,"9,40"
